company,job-title,level,employment type
Wispr AI,0-1 Software Engineer,Not Applicable,Full-time
Lockheed Martin,Software Engineer – Early Career,Entry level,Full-time
The Home Depot,SOFTWARE ENGINEER,Entry level,Full-time
Lockheed Martin,Software Engineer - Early Career,Entry level,Full-time
Lockheed Martin,Software Engineer - Early Career,Entry level,Full-time
Lockheed Martin,Software Engineer - Early Career,Entry level,Full-time
Lockheed Martin,Software Engineer - Intern,Internship,Internship
Lockheed Martin,Software Engineer - Early Career,Entry level,Part-time
Nike,Front End Software Engineer - React,Entry level,Contract
The Home Depot,Software Engineer,Entry level,Full-time
Vellum,Software Engineer - Frontend / Fullstack,Entry level,Full-time
,,,
Vellum,Software Engineer - Frontend / Fullstack,Entry level,Full-time
,,,
,,,
,,,
,,,
Vellum,Software Engineer - Backend / Fullstack,Entry level,Full-time
,,,
,,,
,,,
,,,
Lockheed Martin,Software Engineer - Intern,Internship,Internship
Lockheed Martin,Software Engineer - Early Career,Entry level,Full-time
Team Remotely Inc,Junior Software Engineer,Entry level,Full-time
Lockheed Martin,Software Engineer – Early Career,Entry level,Full-time
The Home Depot,SOFTWARE ENGINEER,Entry level,Full-time
Lockheed Martin,Software Engineer - Early Career,Entry level,Full-time
Lockheed Martin,Software Engineer - Early Career,Entry level,Full-time
Lockheed Martin,Software Engineer - Early Career,Entry level,Full-time
Team Remotely Inc,Junior Software Development Engineer,Entry level,Full-time
,,,
The Home Depot,Software Engineer,Entry level,Full-time
Lockheed Martin,Software Engineer - Early Career,Entry level,Part-time
Vellum,Software Engineer - Frontend / Fullstack,Entry level,Full-time
,,,
,,,
,,,
,,,
,,,
,,,
,,,
,,,
Lockheed Martin,Software Engineer - Intern,Internship,Internship
,,,
Paramount+,Full-Stack Software Engineer,Entry level,Full-time
Lockheed Martin,Software Engineer (Tool Developer) - Early Career,Entry level,Part-time
,,,
,,,
Lockheed Martin,Software Engineer - Early Career,Entry level,Full-time
The Home Depot,Software Engineer II (Remote),Entry level,Full-time
Altamira Technologies Corporation,Software Engineer (Up to $15K Sign-on Bonus available),Mid-Senior level,Full-time
,,,
,,,
Modern Woodmen of America,Software Developer,Entry level,Full-time
"Demco, Inc.",Front End Web Developer,Entry level,Full-time
,,,
,,,
Lockheed Martin,Software Engineer - Early Career,Entry level,Full-time
,,,
,,,
Starfish Space,Software Engineer (Recent Graduate) - Q1 2024 start dates,Entry level,Full-time
The Home Depot,SOFTWARE ENGINEER 2,Entry level,Full-time
Vellum,Software Engineer - Frontend / Fullstack,Entry level,Full-time
"Primary Arms, LLC",FrontEnd Web Developer,Entry level,Full-time
,,,
,,,
Lockheed Martin,Software Engineer - Early Career,Entry level,Full-time
,,,
,,,
Team Remotely Inc,Junior Web Developer,Entry level,Full-time
,,,
,,,
,,,
Get It Recruit - Information Technology,Software Engineer - Remote | WFH,Entry level,Full-time
Vellum,Software Engineer - Frontend / Fullstack,Entry level,Full-time
Nike,Front End Software Engineer - React,Entry level,Contract
Lockheed Martin,Software Engineer (Development)- Early Career,Entry level,Internship
Lockheed Martin,Software Engineer (Development)- Early Career,Entry level,Internship
Lockheed Martin,Software Engineer - Early Career,Entry level,Full-time
,,,
Vellum,Software Engineer - Backend / Fullstack,Entry level,Full-time
Lockheed Martin,Software Engineer - Intern,Internship,Internship
Vellum,Software Engineer - Backend / Fullstack,Entry level,Full-time
,,,
,,,
,,,
,,,
Lockheed Martin,Software Engineer - Early Career,Entry level,Full-time
,,,
,,,
,,,
,,,
,,,
Lockheed Martin,Software Engineer - Intern,Internship,Internship
,,,
,,,
The Home Depot,Software Engineer II (Remote),Entry level,Full-time
,,,
Lockheed Martin,Software Engineer Intern,Internship,Internship
,,,
,,,
,,,
Lockheed Martin,Software Engineer - Early Career,Entry level,Full-time
,,,
Vellum,Software Engineer - Backend / Fullstack,Entry level,Full-time
,,,
,,,
Paramount+,Full-Stack Software Engineer,Entry level,Full-time
Lockheed Martin,Software Engineer (Tool Developer) - Early Career,Entry level,Part-time
,,,
Lockheed Martin,Software Engineer - Early Career,Entry level,Full-time
,,,
,,,
Planned Systems International,Jr Web Developer (Entry Level),Not Applicable,Full-time
,,,
"CrossCountry Mortgage, LLC",Jr. Software Engineer Trainee (Full-time Paid),Internship,Full-time
,,,
Lockheed Martin,Software Engineer - Intern,Internship,Internship
,,,
Axle Health,Software Engineer,Entry level,Full-time
,,,
The Home Depot,SOFTWARE ENGINEER 2,Entry level,Full-time
,,,
The Home Depot,SOFTWARE ENGINEER 2,Entry level,Full-time
,,,
,,,
,,,
,,,
Team Remotely Inc,Junior Software Engineer,Entry level,Full-time
Lockheed Martin,Software Engineer Early Career,Entry level,Full-time
,,,
"CrossCountry Mortgage, LLC",Jr. Software Engineer Trainee (Full-time Paid),Internship,Full-time
"Happy Returns, a UPS Company",Software Engineer- Remote,Entry level,Full-time
,,,
Lockheed Martin,Software Engineer - Intern,Internship,Internship
Lockheed Martin,Software Engineer- Intern,Internship,Internship
,,,
Axle Health,Software Engineer,Entry level,Full-time
The Home Depot,Software Engineer II (Remote),Entry level,Full-time
,,,
,,,
HeyGen,Fullstack Software Engineer,Entry level,Full-time
,,,
,,,
,,,
CBS Philadelphia,Full-Stack Software Engineer,Entry level,Contract
,,,
,,,
Team Remotely Inc,Junior Web Developer,Entry level,Full-time
Vellum,Software Engineer - Backend / Fullstack,Entry level,Full-time
Paramount+,Full-Stack Software Engineer,Entry level,Full-time
Lockheed Martin,Software Engineer (Tool Developer) - Early Career,Entry level,Part-time
,,,
,,,
Lockheed Martin,Software Engineer - Early Career,Entry level,Full-time
,,,
Planned Systems International,Jr Web Developer (Entry Level),Not Applicable,Full-time
Team Remotely Inc,Junior Software Engineer,Entry level,Full-time
"CrossCountry Mortgage, LLC",Jr. Software Engineer Trainee (Full-time Paid),Internship,Full-time
,,,
,,,
,,,
Axle Health,Software Engineer,Entry level,Full-time
,,,
,,,
Lockheed Martin,Software Engineer Intern,Internship,Internship
,,,
,,,
Eulerity,Web Developer Intern,Internship,Internship
,,,
CBS Philadelphia,Full-Stack Software Engineer,Entry level,Contract
Lockheed Martin,Software Engineer,Entry level,Full-time
,,,
,,,
,,,
,,,
,,,
,,,
,,,
FinTech LLC,Software Engineer- React UI,Entry level,Full-time
,,,
,,,
,,,
,,,
,,,
,,,
Grammarly,"Software Engineer, Front-End (Retain and Expand)",Mid-Senior level,Full-time
,,,
,,,
,,,
WinMax,Web Developer V,Entry level,Full-time
,,,
,,,
,,,
,,,
,,,
Hewlett Packard Enterprise,Frontend Software Engineer,Not Applicable,Full-time
,,,
,,,
Lockheed Martin,Software Engineer (Tool Developer) - Early Career,Entry level,Part-time
Lockheed Martin,Software Engineer- Intern,Internship,Internship
Lockheed Martin,Software Engineer - Early Career,Entry level,Full-time
,,,
,,,
,,,
Team Remotely Inc,Junior Software Engineer,Entry level,Full-time
,,,
,,,
Lockheed Martin,Software Engineer - Intern,Internship,Internship
,,,
Axle Health,Software Engineer,Entry level,Full-time
The Home Depot,Software Engineer II (Remote),Entry level,Full-time
,,,
,,,
,,,
HeyGen,Fullstack Software Engineer,Entry level,Full-time
Eulerity,Web Developer Intern,Internship,Internship
"ACES, Incorporated",Junior Software Engineer,Entry level,Full-time
,,,
Lockheed Martin,Software Engineer,Entry level,Full-time
,,,
Old Mission,College Graduates - Full-Time - Junior Software Engineer (2024),Entry level,Full-time
Team Remotely Inc,Junior Web Developer,Entry level,Full-time
,,,
,,,
Lockheed Martin,Software Engineer Early Career,Entry level,Full-time
Lockheed Martin,Software Engineer- Intern,Internship,Internship
,,,
,,,
Planned Systems International,Jr Web Developer (Entry Level),Not Applicable,Full-time
Lockheed Martin,Software Engineer - Intern,Internship,Internship
Lockheed Martin,Software Engineer- Intern,Internship,Internship
,,,
Axle Health,Software Engineer,Entry level,Full-time
,,,
The Home Depot,SOFTWARE ENGINEER 2,Entry level,Full-time
,,,
,,,
,,,
Lockheed Martin,Software Engineer Intern,Internship,Internship
"ACES, Incorporated",Junior Software Engineer,Entry level,Full-time
CBS Philadelphia,Full-Stack Software Engineer,Entry level,Contract
Lockheed Martin,Software Engineer,Entry level,Full-time
,,,
Team Remotely Inc,Junior Web Developer,Entry level,Full-time
,,,
Lockheed Martin,Software Engineer – Intern,Internship,Internship
Old Mission,College Graduates - Full-Time - Junior Software Engineer (2024),Entry level,Full-time
Lockheed Martin,Software Engineer Intern,Internship,Internship
Lockheed Martin,Software Engineer Early Career,Entry level,Full-time
Lockheed Martin,Software Engineer- Intern,Internship,Internship
"CrossCountry Mortgage, LLC",Jr. Software Engineer Trainee (Full-time Paid),Internship,Full-time
,,,
,,,
Lockheed Martin,Software Engineer - Intern,Internship,Internship
Lockheed Martin,Software Engineer- Intern,Internship,Internship
Team Remotely Inc,Junior Software Development Engineer,Entry level,Full-time
,,,
The Home Depot,Software Engineer II (Remote),Entry level,Full-time
The Home Depot,SOFTWARE ENGINEER 2,Entry level,Full-time
The Home Depot,SOFTWARE ENGINEER 2,Entry level,Full-time
,,,
,,,
Lockheed Martin,Software Engineer Intern,Internship,Internship
"ACES, Incorporated",Junior Software Engineer,Entry level,Full-time
,,,
Lockheed Martin,Software Engineer,Entry level,Full-time
The Home Depot,Software Engineer II (Remote),Entry level,Full-time
Team Remotely Inc,Junior Web Developer,Entry level,Full-time
,,,
Lockheed Martin,Software Engineer – Intern,Internship,Internship
,,,
Lockheed Martin,Software Engineer Intern,Internship,Internship
,,,
Tinder,"Data Scientist I, Revenue",Entry level,Full-time
,,,
We Are Tax Revolution,Director Data Science,Director,Full-time
,,,
,,,
Netflix,Data Scientist (L6) - Member Product,Not Applicable,Full-time
Meta,"Data Scientist Intern, Product Analytics",Internship,Full-time
Meta,"Data Scientist Intern, Product Analytics",Internship,Full-time
Netflix,Data Scientist (L5) - Infrastructure Experimentation,Not Applicable,Full-time
,,,
,,,
Experfy,Data Scientist,Entry level,Contract
Concero,Junior Data Scientist,Mid-Senior level,Full-time
,,,
"Seismos, Inc",Data Scientist,,Internship
,,,
,,,
,,,
Towne Park,Data Scientist,Mid-Senior level,Full-time
,,,
UX Hires,Data Scientist- Remote (EU Time Zone),Entry level,Full-time
,,,
iBridge Techsoft ,Lead Data Scientist AI/ ML,,Full-time
,,,
,,,
,,,
Instagram,Data Scientist,Not Applicable,Full-time
Innovyt,Requirement | AI/ML Engineer | Remote,,Contract
Stage 4 Solutions,Data Scientist (Remote),Entry level,Contract
,,,
Saransh Inc,Data Scientist with AL & ML,Mid-Senior level,Contract
KNS IT GROUP,Clinical Research Data Scientist,Mid-Senior level,Contract
Phoenix Recruitment LLC,Entry Level Junior Data Scientist,Entry level,Full-time
,,,
,,,
Saransh Inc,AI/ML Engineer-Data Scientist,Mid-Senior level,Contract
Cordial,"Machine Learning Engineer, Predictive",Entry level,Full-time
,,,
Marchex,Data Scientist,Entry level,Full-time
,,,
"Global Dimensions, LLC",Data Scientist,Mid-Senior level,Full-time
Stellar Professionals,Data Scientist,Entry level,Contract
Parin Technologies,Data Scientist,Mid-Senior level,Contract
"HireIO, Inc.",Machine Learning Engineer,Mid-Senior level,Full-time
Lockheed Martin,Data Scientist,Entry level,Full-time
,,,
CVS Health,Data Scientist,Entry level,Full-time
Saransh Inc,Data Scientist,Mid-Senior level,Contract
,,,
,,,
KNS IT GROUP,Clinical Research Data Scientist,Mid-Senior level,Contract
,,,
,,,
Clarifai,Data Scientist - Public Sector,Mid-Senior level,Full-time
Rapport Talents,Data Scientist (Utilities) |  Remote,Mid-Senior level,Contract
Saransh Inc,AI/ML Engineer-Data Scientist,Mid-Senior level,Contract
Cordial,"Machine Learning Engineer, Predictive",Entry level,Full-time
Arthur,Machine Learning Engineer,Mid-Senior level,Full-time
Marchex,Data Scientist,Entry level,Full-time
Cloud BC Labs,Data Scientist with AI/ML,Mid-Senior level,Contract
"Global Dimensions, LLC",Data Scientist,Mid-Senior level,Full-time
Stellar Professionals,Data Scientist,Entry level,Contract
Parin Technologies,Data Scientist,Mid-Senior level,Contract
,,,
,,,
Saransh Inc,Data Scientist,Mid-Senior level,Contract
,,,
Saransh Inc,Data Scientist,Mid-Senior level,Contract
Workforce Connections,Data Scientist,Mid-Senior level,Contract
,,,
,,,
Recurring Decimal,React Developer,Mid-Senior level,Contract
PROLIM Corporation,Data Scientist 2,Entry level,Full-time
Team Remotely Inc,Junior Machine Learning Engineer,Entry level,Full-time
,,,
,,,
,,,
Instagram,Data Scientist,Not Applicable,Full-time
Netflix,Data Scientist (L5) - Infrastructure Experimentation,Not Applicable,Full-time
"Seismos, Inc",Data Scientist,,Internship
,,,
"NasTech Global, Inc.,",AI/ML Engineer,Mid-Senior level,Contract
Asana,"Senior Data Scientist, Marketing",Mid-Senior level,Full-time
Towne Park,Data Scientist,Mid-Senior level,Full-time
,,,
Stage 4 Solutions,Data Scientist (Remote),Entry level,Contract
,,,
KNS IT GROUP,Clinical Research Data Scientist,Mid-Senior level,Contract
,,,
,,,
Rapport Talents,Data Scientist (Utilities) |  Remote,Mid-Senior level,Contract
Pocket FM,"Data Scientist – Recommendation, Content Science",Mid-Senior level,Contract
Saransh Inc,AI/ML Engineer-Data Scientist,Mid-Senior level,Contract
Cordial,"Machine Learning Engineer, Predictive",Entry level,Full-time
Arthur,Machine Learning Engineer,Mid-Senior level,Full-time
,,,
Marchex,Data Scientist,Entry level,Full-time
,,,
,,,
,,,
,,,
,,,
,,,
"Global Dimensions, LLC",Data Scientist,Mid-Senior level,Full-time
,,,
,,,
"HireIO, Inc.",Machine Learning Engineer,Mid-Senior level,Full-time
Lockheed Martin,Data Scientist,Entry level,Full-time
,,,
Saransh Inc,Data Scientist,Mid-Senior level,Contract
CVS Health,Data Scientist,Entry level,Full-time
Saransh Inc,Data Scientist,Mid-Senior level,Contract
,,,
,,,
,,,
PROLIM Corporation,Data Scientist 2,Entry level,Full-time
"IDR, Inc.",Data Scientist,Mid-Senior level,Contract
CINQCARE,Machine Learning Engineer,Mid-Senior level,Full-time
Raas Infotek,Data Scientist,Mid-Senior level,Contract
Patreon,Data Scientist,Mid-Senior level,Full-time
,,,
Team Remotely Inc,Data Scientist Engineer,Entry level,Full-time
Stage 4 Solutions,Data Scientist (Remote),Entry level,Contract
UX Hires,Data Scientist- Remote (EU Time Zone),Entry level,Full-time
KNS IT GROUP,Clinical Research Data Scientist,Mid-Senior level,Contract
Phoenix Recruitment LLC,Entry Level Junior Data Scientist,Entry level,Full-time
TikTok,Data Scientist,Not Applicable,Full-time
Rapport Talents,Data Scientist (Utilities) |  Remote,Mid-Senior level,Contract
Pocket FM,"Data Scientist – Recommendation, Content Science",Mid-Senior level,Contract
Saransh Inc,AI/ML Engineer-Data Scientist,Mid-Senior level,Contract
,,,
Arthur,Machine Learning Engineer,Mid-Senior level,Full-time
,,,
Marchex,Data Scientist,Entry level,Full-time
,,,
Wheels Up,Data Scientist,Associate,Full-time
,,,
,,,
,,,
Engage Partners Inc.,Data Scientist,Mid-Senior level,Full-time
Paritas Recruitment,Data Scientist,Mid-Senior level,Full-time
Dollar General,Machine Learning Engineer,Mid-Senior level,Full-time
,,,
,,,
,,,
,,,
,,,
Millennium,Data Scientist,Entry level,Full-time
Meta,"Data Scientist Intern, Product Analytics",Internship,Full-time
,,,
,,,
"DMI (Digital Management, LLC)",Data Scientist,Entry level,Full-time
EVONA,Machine Learning Engineer,Mid-Senior level,Full-time
Cloudflare,Machine Learning Engineer,Associate,Full-time
Saks,Data Scientist,Entry level,Full-time
,,,
Cloudflare,Machine Learning Engineer,Associate,Full-time
Tential Solutions,AI Data Scientist & Analyst,Entry level,Contract
,,,
Harnham,Chemical Data Scientist,Mid-Senior level,Full-time
Apexon,ML Data Scientist,Entry level,Full-time
,,,
iPacket,Machine Learning Engineer,,Full-time
,,,
,,,
,,,
Intel Corporation,Machine Learning Engineer- Graduate Intern,Internship,Internship
,,,
,,,
,,,
,,,
,,,
,,,
,,,
,,,
,,,
,,,
Walmart,"Senior, Data Scientist - Experimentation",Mid-Senior level,Full-time
Adobe,Machine Learning Engineer,Entry level,Full-time
Meta,"Data Scientist, Responsibility & Privacy",Not Applicable,Full-time
VidMob,Data Scientist,Entry level,Full-time
TriNet,Data Scientist,Not Applicable,Full-time
Walmart,"Senior, Data Scientist",Mid-Senior level,Full-time
Adobe,Machine Learning Engineer,Entry level,Full-time
Moveworks,Machine Learning Engineer,Entry level,Full-time
,,,
Lyft,"Data Scientist, Algorithms - Rider",Mid-Senior level,Full-time
Ovative Group,Data Scientist,Entry level,Full-time
"Seismos, Inc",Data Scientist,,Internship
Walmart,"Senior, Data Scientist",Mid-Senior level,Full-time
Oracle,Data Scientist 4,Entry level,Full-time
Beth Israel Lahey Health,AI/ML/Data Scientist,Entry level,Full-time
,,,
,,,
Verkada,MBA Full-Time Hire - Data Science,Mid-Senior level,Full-time
Cloud BC Labs,Data Scientist with AI/ML,Mid-Senior level,Contract
,,,
KAYAK,Senior Data Scientist,Mid-Senior level,Full-time
Stellar Professionals,Data Scientist,Entry level,Contract
Hinge Health,"Senior Data Scientist, Growth",Mid-Senior level,Full-time
SPAR Information Systems LLC,DATA Scientist,Entry level,Contract
Parin Technologies,Data Scientist,Mid-Senior level,Contract
Fisker,Senior Data Scientist,Mid-Senior level,Full-time
"HireIO, Inc.",Machine Learning Engineer,Mid-Senior level,Full-time
Booz Allen Hamilton,Data Scientist,Not Applicable,Full-time
USRA,"Scientist, Data",Entry level,Full-time
,,,
Booz Allen Hamilton,Data Scientist,Not Applicable,Full-time
Lockheed Martin,Data Scientist,Entry level,Full-time
Saransh Inc,Data Scientist,Mid-Senior level,Contract
Matlen Silver,Frontend Developer,Not Applicable,Contract
,,,
,,,
,,,
,,,
,,,
,,,
,,,
,,,
,,,
Tinder,"Associate Product Manager, Revenue",Associate,Full-time
Warner Bros. Games,Product Manager,Entry level,Full-time
Warner Bros. Games,Product Manager,Entry level,Full-time
TikTok,Product Manager - TikTok Creative & Ecosystem,Not Applicable,Full-time
Warner Bros. Games,Product Manager,Entry level,Full-time
TikTok,"Product Manager, TikTok Shop Ads",Not Applicable,Full-time
Meta,Product Manager,Not Applicable,Full-time
Meta,Product Manager,Not Applicable,Full-time
TikTok,Product Manager - TikTok Creative & Ecosystem,Not Applicable,Full-time
Warner Bros. Games,Product Manager,Entry level,Full-time
Meta,Product Manager,Not Applicable,Full-time
,,,
Warner Bros. Games,Product Manager,Entry level,Full-time
,,,
Meta,Product Manager,Not Applicable,Full-time
Warner Bros. Games,Product Manager,Entry level,Full-time
,,,
,,,
,,,
,,,
,,,
,,,
,,,
,,,
,,,
Experfy,Product Manager,Mid-Senior level,Full-time
Accroid Inc,Product Manager,Mid-Senior level,Contract
Hebbia AI,Product Manager,Entry level,Full-time
Rise25,Product Manager (Remote),Mid-Senior level,Part-time
Experfy,Product Manager,Mid-Senior level,Full-time
Signant Health,Product Manager - Product Management,Mid-Senior level,Full-time
,,,
NimbleRx,Product Manager,Not Applicable,Full-time
Warner Music Group,Product Manager,Entry level,Full-time
,,,
,,,
,,,
TechInsights,Product Manager,Mid-Senior level,Full-time
Elucid,Product Manager,Mid-Senior level,Full-time
,,,
,,,
,,,
,,,
,,,
SNIPEBRIDGE,Product Manager,Entry level,Full-time
Brightwell,Product Manager,Mid-Senior level,Full-time
,,,
,,,
,,,
,,,
Warner Bros. Games,Product Manager,Entry level,Full-time
Warner Bros. Games,Product Manager,Entry level,Full-time
Warner Bros. Games,Product Manager,Entry level,Full-time
Netflix,"Product Manager, Specialized Rankers",Not Applicable,Full-time
Meta,Product Manager,Not Applicable,Full-time
,,,
Meta,Product Manager,Not Applicable,Full-time
,,,
Xe.com,Associate Product Manager,Entry level,Full-time
Warner Bros. Games,Product Manager,Entry level,Full-time
Warner Bros. Games,Product Manager,Entry level,Full-time
,,,
Warner Bros. Games,Product Manager,Entry level,Full-time
,,,
,,,
,,,
,,,
Motivo,Product Manager,Mid-Senior level,Full-time
Meta,Product Manager,Not Applicable,Full-time
,,,
dunnhumby,Product Manager,Mid-Senior level,Full-time
,,,
,,,
Meta,Product Manager,Not Applicable,Full-time
,,,
Warner Bros. Games,Product Manager,Entry level,Full-time
,,,
Talogy,Product Manager,Not Applicable,Full-time
,,,
AUI™ (Augmented Intelligence),Product Manager,Mid-Senior level,Full-time
TikTok,"Product Manager, TikTok Shop Ads",Not Applicable,Full-time
,,,
Meta,Product Manager,Not Applicable,Full-time
Motivo,Product Manager,Mid-Senior level,Full-time
Meta,Product Manager,Not Applicable,Full-time
,,,
,,,
Meta,Product Manager,Not Applicable,Full-time
,,,
Meta,Product Manager,Not Applicable,Full-time
,,,
,,,
,,,
,,,
,,,
,,,
,,,
,,,
,,,
,,,
,,,
,,,
,,,
,,,
TikTok,"Product Manager, TikTok Shop Ads",Not Applicable,Full-time
Netflix,"Product Manager, Content Data",Not Applicable,Full-time
,,,
Motivo,Product Manager,Mid-Senior level,Full-time
,,,
,,,
dunnhumby,Product Manager,Mid-Senior level,Full-time
,,,
Insight Global,Product Manager,Mid-Senior level,Contract
Meta,Product Manager,Not Applicable,Full-time
,,,
Asana,"Product Manager, Core Performance",Mid-Senior level,Full-time
Accroid Inc,Product Manager,Mid-Senior level,Contract
,,,
Rise25,Product Manager (Remote),Mid-Senior level,Part-time
Storm2,Product Manager,Mid-Senior level,Full-time
,,,
,,,
Meta,Product Manager,Not Applicable,Full-time
Cartier,"Product Manager, Jewelry & Eyewear",Mid-Senior level,Full-time
,,,
Elucid,Product Manager,Mid-Senior level,Full-time
,,,
,,,
,,,
Included Health,"Senior Product Manager, Care Team Experience",Mid-Senior level,Full-time
snipeHIRE,Product Manager,Mid-Senior level,Full-time
SNIPEBRIDGE,Product Manager,Entry level,Full-time
Brightwell,Product Manager,Mid-Senior level,Full-time
"UrBench, LLC",Product Manager,Mid-Senior level,Contract
Board of Innovation,Product manager / Innovation consultant (NYC),Mid-Senior level,Full-time
Belmont Lavan,Product Manager,Mid-Senior level,Full-time
Axacraft,Product Manager,Mid-Senior level,Full-time
,,,
IntelliPro,Product Manager,Mid-Senior level,Full-time
,,,
,,,
,,,
,,,
InvestCloud Financial Supermarket™ (formerly Tegra118),Product Manager,Entry level,Full-time
Western Union,Product Manager - B2C Payments,Mid-Senior level,Full-time
,,,
,,,
,,,
,,,
,,,
Motivo,Product Manager,Mid-Senior level,Full-time
Meta,Product Manager,Not Applicable,Full-time
dunnhumby,Product Manager,Mid-Senior level,Full-time
Meta,Product Manager,Not Applicable,Full-time
Insight Global,Product Manager,Mid-Senior level,Contract
TikTok,"Product Manager, TikTok Shop Ads",Not Applicable,Full-time
Meta,Product Manager,Not Applicable,Full-time
Pave,Product Manager,Entry level,Full-time
,,,
Asana,"Product Manager, Core Performance",Mid-Senior level,Full-time
Accroid Inc,Product Manager,Mid-Senior level,Contract
Hebbia AI,Product Manager,Entry level,Full-time
Rise25,Product Manager (Remote),Mid-Senior level,Part-time
Meta,"Product Manager, Monetization",Not Applicable,Full-time
Storm2,Product Manager,Mid-Senior level,Full-time
Meta,Product Manager,Not Applicable,Full-time
"TherapyNotes, LLC",Product Manager,Entry level,Full-time
Scaler,Product Manager,Entry level,Full-time
Experfy,Product Manager,Mid-Senior level,Full-time
Cartier,"Product Manager, Jewelry & Eyewear",Mid-Senior level,Full-time
,,,
Meta,Product Manager,Not Applicable,Full-time
Signant Health,Product Manager - Product Management,Mid-Senior level,Full-time
,,,
Barclays,Product Manager,Mid-Senior level,Full-time
,,,
,,,
,,,
,,,
Meta,Product Manager,Not Applicable,Full-time
Pave,Product Manager,Entry level,Full-time
,,,
,,,
,,,
Hebbia AI,Product Manager,Entry level,Full-time
Rise25,Product Manager (Remote),Mid-Senior level,Part-time
,,,
,,,
,,,
Scaler,Product Manager,Entry level,Full-time
Experfy,Product Manager,Mid-Senior level,Full-time
Cartier,"Product Manager, Jewelry & Eyewear",Mid-Senior level,Full-time
LinkedIn,"Product Manager, Go-to-Market Technology – Data Foundations",Not Applicable,Full-time
Meta,Product Manager,Not Applicable,Full-time
,,,
GlobalLogic,Product Manager,Mid-Senior level,Full-time
Barclays,Product Manager,Mid-Senior level,Full-time
Meta,Product Manager,Not Applicable,Full-time
xymbia,Product Manager,,Contract
Steneral Consulting,Product Manager,Mid-Senior level,Contract
,,,
,,,
TikTok,"Product Manager, TikTok Shop Ads",Not Applicable,Full-time
Meta,Product Manager,Not Applicable,Full-time
Pave,Product Manager,Entry level,Full-time
TikTok,Product Manager - TikTok Creative & Ecosystem,Not Applicable,Full-time
,,,
Accroid Inc,Product Manager,Mid-Senior level,Contract
,,,
,,,
Storm2,Product Manager,Mid-Senior level,Full-time
"TherapyNotes, LLC",Product Manager,Entry level,Full-time
Scaler,Product Manager,Entry level,Full-time
Experfy,Product Manager,Mid-Senior level,Full-time
Cartier,"Product Manager, Jewelry & Eyewear",Mid-Senior level,Full-time
LinkedIn,"Product Manager, Go-to-Market Technology – Data Foundations",Not Applicable,Full-time
,,,
Signant Health,Product Manager - Product Management,Mid-Senior level,Full-time
GlobalLogic,Product Manager,Mid-Senior level,Full-time
Barclays,Product Manager,Mid-Senior level,Full-time
,,,
xymbia,Product Manager,,Contract
Steneral Consulting,Product Manager,Mid-Senior level,Contract
,,,
NimbleRx,Product Manager,Not Applicable,Full-time
Insight Global,Product Manager,Mid-Senior level,Contract
Meta,Product Manager,Not Applicable,Full-time
TikTok,Product Manager - TikTok Creative & Ecosystem,Not Applicable,Full-time
Asana,"Product Manager, Core Performance",Mid-Senior level,Full-time
Accroid Inc,Product Manager,Mid-Senior level,Contract
Hebbia AI,Product Manager,Entry level,Full-time
,,,
,,,
Pave,Product Manager,Entry level,Full-time
,,,
Experfy,Product Manager,Mid-Senior level,Full-time
Meta,Product Manager,Not Applicable,Full-time
Cartier,"Product Manager, Jewelry & Eyewear",Mid-Senior level,Full-time
Signant Health,Product Manager - Product Management,Mid-Senior level,Full-time
,,,
Barclays,Product Manager,Mid-Senior level,Full-time
,,,
xymbia,Product Manager,,Contract
,,,
"TherapyNotes, LLC",Product Manager,Entry level,Full-time
,,,
NimbleRx,Product Manager,Not Applicable,Full-time
,,,
,,,
Scaler,Product Manager,Entry level,Full-time
TikTok,Product Manager - TikTok Creative & Ecosystem,Not Applicable,Full-time
,,,
Accroid Inc,Product Manager,Mid-Senior level,Contract
Hebbia AI,Product Manager,Entry level,Full-time
Rise25,Product Manager (Remote),Mid-Senior level,Part-time
Storm2,Product Manager,Mid-Senior level,Full-time
Pave,Product Manager,Entry level,Full-time
Meta,"Product Manager, Monetization",Not Applicable,Full-time
Experfy,Product Manager,Mid-Senior level,Full-time
Meta,Product Manager,Not Applicable,Full-time
,,,
Signant Health,Product Manager - Product Management,Mid-Senior level,Full-time
GlobalLogic,Product Manager,Mid-Senior level,Full-time
Barclays,Product Manager,Mid-Senior level,Full-time
,,,
,,,
,,,
,,,
TH Daniels,Product Manager,Mid-Senior level,Full-time
NimbleRx,Product Manager,Not Applicable,Full-time
,,,
,,,
,,,
TikTok,Product Manager - TikTok Creative & Ecosystem,Not Applicable,Full-time
,,,
Pave,Product Manager,Entry level,Full-time
TikTok,Product Manager - TikTok Creative & Ecosystem,Not Applicable,Full-time
Asana,"Product Manager, Core Performance",Mid-Senior level,Full-time
Accroid Inc,Product Manager,Mid-Senior level,Contract
Hebbia AI,Product Manager,Entry level,Full-time
Rise25,Product Manager (Remote),Mid-Senior level,Part-time
Storm2,Product Manager,Mid-Senior level,Full-time
"TherapyNotes, LLC",Product Manager,Entry level,Full-time
Scaler,Product Manager,Entry level,Full-time
Experfy,Product Manager,Mid-Senior level,Full-time
,,,
LinkedIn,"Product Manager, Go-to-Market Technology – Data Foundations",Not Applicable,Full-time
Meta,Product Manager,Not Applicable,Full-time
,,,
,,,
Barclays,Product Manager,Mid-Senior level,Full-time
Meta,Product Manager,Not Applicable,Full-time
xymbia,Product Manager,,Contract
Steneral Consulting,Product Manager,Mid-Senior level,Contract
,,,
,,,
,,,
,,,
,,,
,,,
,,,
,,,
UBS,Junior Graphic Designer,Not Applicable,Full-time
,,,
,,,
alice + olivia,Senior Graphic Designer,Mid-Senior level,Full-time
,,,
Victoria’s Secret & Co.,Assistant Graphic Designer,Entry level,Full-time
Parade,Brand Graphic Designer,Associate,Full-time
Nautica,Graphic Designer,Associate,Full-time
Fashion Nova,Graphic Designer | eCommerce,Entry level,Full-time
,,,
,,,
,,,
Paula's Choice Skincare,Wholesale Graphic Designer,Entry level,Full-time
Ralph Lauren,"Graphic Designer, Polo Brand",Mid-Senior level,Full-time
Authentic Brands Group,Graphic Designer,Entry level,Full-time
Virgin Hotels,Graphic Designer,Mid-Senior level,Full-time
Clarity Recruiting,Graphic Designer,Mid-Senior level,Contract
SBH Fashion,Graphic Designer (remote),Entry level,Full-time
Pearpop,Graphic Designer,Associate,Full-time
Sundae School,Junior Graphic Designer,Associate,Contract
Aquent,Graphic Designer,Associate,Full-time
,,,
,,,
Paula's Choice Skincare,Wholesale Graphic Designer,Entry level,Full-time
,,,
,,,
,,,
Pearpop,Graphic Designer,Associate,Full-time
Sundae School,Junior Graphic Designer,Associate,Contract
rhode skin,Graphic Designer,Entry level,Full-time
Eataly,Corporate Graphic Designer,Entry level,Full-time
Las Vegas Global Economic Alliance (LVGEA),Graphic Designer,,Full-time
Sundae School,Junior Graphic Designer,Entry level,Full-time
Rue Gilt Groupe,Short Term Associate Graphic Designer,Entry level,Contract
Syndicatebleu,Graphic Designer,Associate,Temporary
,,,
Gap,Designer Womens Concept,Entry level,Full-time
Credit Karma,Marketing Designer,Entry level,Full-time
,,,
Fabletics,Sr. Graphic Designer,Mid-Senior level,Full-time
,,,
,,,
Creative Cove Inc.,Graphic Designer,Mid-Senior level,Contract
,,,
,,,
,,,
,,,
,,,
Clarity Recruiting,Graphic Designer,Mid-Senior level,Contract
Bearpaw Partners,Graphic Designer,,Full-time
Artisan Creative,Graphic Production Artist,Mid-Senior level,Contract
Pearpop,Graphic Designer,Associate,Full-time
Sundae School,Junior Graphic Designer,Associate,Contract
rhode skin,Graphic Designer,Entry level,Full-time
Eataly,Corporate Graphic Designer,Entry level,Full-time
Las Vegas Global Economic Alliance (LVGEA),Graphic Designer,,Full-time
Sundae School,Junior Graphic Designer,Entry level,Full-time
Rue Gilt Groupe,Short Term Associate Graphic Designer,Entry level,Contract
Syndicatebleu,Graphic Designer,Associate,Temporary
,,,
,,,
,,,
,,,
New York Islanders,Graphic Designer,Entry level,Full-time
,,,
Levo Health,Graphic Designer,,Full-time
,,,
Creative Cove Inc.,Graphic Designer,Mid-Senior level,Contract
Fabletics,Graphic Designer (Apparel),Associate,Full-time
Bespoke Careers,Graphic Designer / Marketing Coordinator,Mid-Senior level,Full-time
Boba Tea Protein,Graphic Designer,,Full-time
,,,
NIC+ZOE,Senior Graphic Designer,,Full-time
,,,
alice + olivia,Senior Graphic Designer,Mid-Senior level,Full-time
,,,
WHOOP,Graphic Designer,Entry level,Full-time
Nautica,Graphic Designer,Associate,Full-time
,,,
,,,
Fashion Nova,Graphic Designer | eCommerce,Entry level,Full-time
L'Oréal,Senior Graphic Designer,Not Applicable,Full-time
CULT GAIA,Junior Graphic Designer,Associate,Full-time
,,,
Ralph Lauren,"Graphic Designer, Polo Brand",Mid-Senior level,Full-time
Authentic Brands Group,Graphic Designer,Entry level,Full-time
Virgin Hotels,Graphic Designer,Mid-Senior level,Full-time
,,,
,,,
,,,
,,,
,,,
,,,
,,,
,,,
,,,
The Walt Disney Company,"Social Media Designer, Content Creator- Disney Publishing",Mid-Senior level,Part-time
,,,
Duolingo,Brand Marketing Designer & Maker,Entry level,Full-time
,,,
Nautica,Graphic Designer,Associate,Full-time
Victoria’s Secret & Co.,Assistant Graphic Designer,Entry level,Full-time
,,,
Fashion Nova,Graphic Designer | eCommerce,Entry level,Full-time
,,,
,,,
Eleven Recruiting,Graphic Designer,Mid-Senior level,Full-time
Ralph Lauren,"Graphic Designer, Polo Brand",Mid-Senior level,Full-time
Authentic Brands Group,Graphic Designer,Entry level,Full-time
Virgin Hotels,Graphic Designer,Mid-Senior level,Full-time
,,,
Clarity Recruiting,Graphic Designer,Mid-Senior level,Contract
Aquent,Graphic Designer,Associate,Full-time
,,,
Bearpaw Partners,Graphic Designer,,Full-time
Artisan Creative,Graphic Production Artist,Mid-Senior level,Contract
Pearpop,Graphic Designer,Associate,Full-time
SBH Fashion,Graphic Designer (remote),Entry level,Full-time
,,,
,,,
Exchange LA,Junior Graphic Designer,,Full-time
,,,
,,,
,,,
rhode skin,Graphic Designer,Entry level,Full-time
Eataly,Corporate Graphic Designer,Entry level,Full-time
,,,
Sundae School,Junior Graphic Designer,Entry level,Full-time
Rue Gilt Groupe,Short Term Associate Graphic Designer,Entry level,Contract
,,,
,,,
The Skin Clique,Graphic Designer,Mid-Senior level,Full-time
Gap,Designer Womens Concept,Entry level,Full-time
,,,
New York Islanders,Graphic Designer,Entry level,Full-time
,,,
Levo Health,Graphic Designer,,Full-time
The Recording Academy,"Graphic Designer, GRAMMY Museum",Entry level,Full-time
,,,
,,,
Bespoke Careers,Graphic Designer / Marketing Coordinator,Mid-Senior level,Full-time
Boba Tea Protein,Graphic Designer,,Full-time
Bodybuilding.com,Jr. Graphic Designer,Entry level,Full-time
NIC+ZOE,Senior Graphic Designer,,Full-time
,,,
,,,
Doodles,Graphic Designer,Entry level,Full-time
,,,
Victoria’s Secret & Co.,Assistant Graphic Designer,Entry level,Full-time
Parade,Brand Graphic Designer,Associate,Full-time
,,,
L'Oréal,Senior Graphic Designer,Not Applicable,Full-time
CULT GAIA,Junior Graphic Designer,Associate,Full-time
Eleven Recruiting,Graphic Designer,Mid-Senior level,Full-time
,,,
Authentic Brands Group,Graphic Designer,Entry level,Full-time
,,,
,,,
Clarity Recruiting,Graphic Designer,Mid-Senior level,Contract
,,,
,,,
,,,
,,,
,,,
,,,
,,,
,,,
,,,
,,,
,,,
,,,
,,,
Eataly,Corporate Graphic Designer,Entry level,Full-time
,,,
Sundae School,Junior Graphic Designer,Entry level,Full-time
,,,
,,,
,,,
,,,
,,,
,,,
The Mom Project,Graphic Designer,Entry level,Contract
,,,
,,,
Tennis Channel,Graphic Designer - Part-time Freelance,Entry level,Part-time
,,,
The Recording Academy,"Graphic Designer, GRAMMY Museum",Entry level,Full-time
,,,
Creative Cove Inc.,Graphic Designer,Mid-Senior level,Contract
,,,
,,,
,,,
NIC+ZOE,Senior Graphic Designer,,Full-time
Marquee Health,Junior Graphic Designer,,Full-time
Univest,Graphic Designer,Entry level,Part-time
,,,
,,,
,,,
The Skin Clique,Graphic Designer,Mid-Senior level,Full-time
,,,
,,,
New York Islanders,Graphic Designer,Entry level,Full-time
,,,
Levo Health,Graphic Designer,,Full-time
The Recording Academy,"Graphic Designer, GRAMMY Museum",Entry level,Full-time
,,,
,,,
Bespoke Careers,Graphic Designer / Marketing Coordinator,Mid-Senior level,Full-time
,,,
Bodybuilding.com,Jr. Graphic Designer,Entry level,Full-time
NIC+ZOE,Senior Graphic Designer,,Full-time
,,,
Charlotte Tilbury Beauty,"Graphic Designer, Print",Entry level,Full-time
,,,
MillerKnoll,Associate Graphic Designer,Entry level,Full-time
"Fud, Inc.",Graphic Design Side Hustler,Entry level,Full-time
BeautyBio,Jr Graphic Designer,Entry level,Full-time
,,,
Industrial Color,Mid-Level Graphic Designer - Print Design,Mid-Senior level,Full-time
Velvet Caviar,Sr. Graphic Designer - eCommerce Fashion Brand,,Full-time
,,,
,,,
,,,
,,,
,,,
,,,
Eleven Recruiting,Graphic Designer,Mid-Senior level,Full-time
Victoria’s Secret & Co.,"Designer, Packaging Pink",Entry level,Full-time
Lyft,Designer,Mid-Senior level,Full-time
Panasonic Connect North America,Graphic Designer,Entry level,Full-time
Artisan Talent,Graphic Designer,Associate,Contract
Ralph Lauren,"Graphic Designer, Polo Brand",Mid-Senior level,Full-time
Panasonic Connect North America,Graphic Designer,Entry level,Full-time
Paula's Choice Skincare,Wholesale Graphic Designer,Entry level,Full-time
,,,
Herman Miller,Associate Graphic Designer,Entry level,Full-time
,,,
REI,Print Designer,Not Applicable,Full-time
,,,
,,,
,,,
Pearpop,Graphic Designer,Associate,Full-time
Sundae School,Junior Graphic Designer,Associate,Contract
,,,
,,,
Panasonic North America,Graphic Designer,Entry level,Full-time
Bearpaw Partners,Graphic Designer,,Full-time
,,,
,,,
Bogopa Service Corp/ Food Bazaar Supermarket,Graphic Designer,Entry level,Full-time
,,,
,,,
"Fud, Inc.",Graphic Design Side Hustler,Entry level,Full-time
,,,
Industrial Color,Mid-Level Graphic Designer - Print Design,Mid-Senior level,Full-time
,,,
,,,
TalentZök,Graphic Designer - 19471,Entry level,Full-time
Elevation Talent Group,Graphic Designer,Mid-Senior level,Full-time
,,,
,,,
,,,
,,,
,,,
,,,
,,,
FOCO,Graphic Designer I - Graphic T-Shirts,Associate,Full-time
West Elm,Temporary Graphic Designer – West Elm,Associate,Full-time
,,,
Onward Search,Sr. Graphic Designer,Mid-Senior level,Contract
ttg Talent Solutions,Graphic Designer,Mid-Senior level,Full-time
,,,
Brunello Cucinelli,Marketing Manager,Mid-Senior level,Full-time
Tarte Cosmetics,Senior Manager Brand Marketing,Mid-Senior level,Full-time
alice + olivia,Integrated Marketing Manager,Mid-Senior level,Full-time
Red Bull,"Manager, Brand Marketing",Mid-Senior level,Full-time
McDonald's,"Manager, Brand Communications",Mid-Senior level,Full-time
PUMA Group,"Manager, Brand Marketing (Temporary)",Associate,Full-time
,,,
MAKEUP BY MARIO,Global Marketing Manager,,Full-time
Starbucks,"Associate Brand Manager, Starbucks Reserve Merchandise - Product",Not Applicable,Full-time
Ralph Lauren,"Social Marketing & Content Strategy Manager, Lifestyle & Brand Partnerships",Mid-Senior level,Full-time
Google,"Brand Media Marketing Manager, Google Cloud",Not Applicable,Full-time
King's Hawaiian,"Senior Associate Brand Manager, New Opportunities",Mid-Senior level,Full-time
,,,
,,,
Netflix,"Marketing Manager, External Games",Not Applicable,Full-time
,,,
,,,
,,,
,,,
Blue Nile,Senior Director of Marketing,Director,Full-time
,,,
Coty,"Brand Manager, Global Marketing, Color",Not Applicable,Other
,,,
,,,
Dazos,Senior Marketing Manager,,Full-time
Mary Kay Global,Product Marketing Manager - Asia Pacific,Mid-Senior level,Full-time
USAA,Marketing Manager Senior – Bank Affiliate Marketing,Not Applicable,Full-time
LegalZoom,Lifecycle Marketing Manager,Mid-Senior level,Full-time
USAA,Marketing Manager Senior – Bank Affiliate Marketing,Not Applicable,Full-time
,,,
24 Seven Talent,Marketing Manager-Apparel-LA,Mid-Senior level,Full-time
TikTok,"Product Marketing Manager, Global Product Monetization & Technology",Not Applicable,Full-time
,,,
Spritz,Director of Marketing,,Full-time
The New York Racing Association,"Senior Director, Digital Marketing Strategy",Director,Full-time
,,,
TechInsights,Marketing Manager,Mid-Senior level,Full-time
Parfums Christian Dior,"Vice President, Skincare Marketing",Executive,Full-time
,,,
,,,
Meta,"Product Marketing Manager, Business Messaging",Not Applicable,Full-time
Azurity Pharmaceuticals,Brand Manager / Sr. Brand Manager,Mid-Senior level,Full-time
Unilever,Associate Category Trade Marketing Manager,Associate,Full-time
,,,
,,,
,,,
,,,
On The Stage,Marketing Campaigns Manager,Mid-Senior level,Full-time
WSP in the U.S.,Senior Marketing Manager,Mid-Senior level,Full-time
Riboli Family Wines,Shopper Marketing Manager,Mid-Senior level,Full-time
Sol de Janeiro,Retail Marketing Manager,Mid-Senior level,Full-time
Industrial Color,Marketing Manager,Mid-Senior level,Full-time
Empathy,Marketing Manager,Associate,Full-time
Coty,Senior Marketing Manager,Not Applicable,Other
The Cake,Senior Marketing Manager,Mid-Senior level,Full-time
Harmless Harvest,Senior Associate Brand Manager,Mid-Senior level,Full-time
Veyl Ventures,Email Marketing Manager,Mid-Senior level,Full-time
,,,
,,,
,,,
Parfums Christian Dior,"Vice President, Skincare Marketing",Executive,Full-time
Botanical Hospitality Group ,Marketing Manager,,Full-time
,,,
,,,
sweetgreen,Director of Marketing,Director,Full-time
,,,
,,,
,,,
,,,
,,,
,,,
,,,
Money20/20,Marketing Manager - Sponsorship,Associate,Full-time
,,,
Instagram,"Brand Marketing Manager, Instagram",Not Applicable,Full-time
Instagram,"Brand Marketing Manager, Instagram",Not Applicable,Full-time
McDonald's,"Manager, Brand Communications",Mid-Senior level,Full-time
,,,
,,,
,,,
,,,
,,,
,,,
NARS Cosmetics,"NARS, Manager, Brand Marketing (New York)",Mid-Senior level,Full-time
,,,
,,,
,,,
Venus et Fleur,Social Media Marketing Manager,Mid-Senior level,Full-time
,,,
,,,
PRIME,Festival Marketing Manager,Mid-Senior level,Full-time
,,,
,,,
,,,
Coty,"Brand Manager, Global Marketing, Color",Not Applicable,Other
,,,
,,,
,,,
TikTok,"Product Marketing Manager, Planning and Activation Coordination",Not Applicable,Full-time
Empathy,Marketing Manager,Associate,Full-time
Veyl Ventures,Email Marketing Manager,Mid-Senior level,Full-time
Accor,Marketing Manager,Mid-Senior level,Full-time
Cardone Ventures,Marketing Manager,Not Applicable,Full-time
The Little Nell,Director of Brand Marketing - The Little Nell,Director,Full-time
Live Nation Entertainment,"LN Concerts, Regional Marketing Manager, Comedy",Mid-Senior level,Full-time
Sollis Health,"Director, Brand Marketing",Director,Full-time
Parfums Christian Dior,"Vice President, Skincare Marketing",Executive,Full-time
Botanical Hospitality Group ,Marketing Manager,,Full-time
GEICO,"Marketing Director, Creative Brand",Director,Full-time
,,,
,,,
sweetgreen,Director of Marketing,Director,Full-time
Campbell's,Senior Brand Manager,Mid-Senior level,Full-time
Bimbo Bakeries USA,Omnichannel Marketing Manager,Mid-Senior level,Full-time
,,,
,,,
,,,
Uber,"Product Marketing Manager, Uber Health",Mid-Senior level,Full-time
FloWater,Director of Marketing,Director,Full-time
Uber,"Product Marketing Manager, Uber Health",Mid-Senior level,Full-time
Yotpo,Senior Event Marketing Manager,Mid-Senior level,Full-time
The New York Racing Association,"Senior Director, Digital Marketing Strategy",Director,Full-time
Kraft Heinz,Brand Manager- Taste Elevation Innovation - Heinz,Mid-Senior level,Full-time
LHH,Distribution Marketing Manager,Mid-Senior level,Full-time
Raw Sugar Living,Brand Manager,Mid-Senior level,Full-time
Vita Coco,Brand Manager (Multicultural Marketing),Mid-Senior level,Full-time
,,,
Lyft,Product Marketing Manager,Mid-Senior level,Full-time
ASSOULINE,Marketing Manager,Mid-Senior level,Full-time
,,,
Accor- North & Central America,Director of Marketing,Director,Full-time
,,,
,,,
,,,
,,,
Rishi Tea & Botanicals,Vice President Marketing,,Full-time
Amazon,"Marketing Manager, Alcohol, Amazon Fresh Grocery",Mid-Senior level,Full-time
,,,
AMD,"Manager, Brand Marketing",Mid-Senior level,Full-time
,,,
,,,
The Cumulus Coffee Company,Brand Marketing Manager,,Full-time
ForceBrands,Associate Brand Manager,Associate,Full-time
Maesa,"Vice President, Brand Marketing, Kristin Ess",Executive,Full-time
Impala,Marketing Manager,,Full-time
Moroccanoil,Global Trade Marketing Director,Associate,Full-time
Simple Mills,"Senior Brand Manager, Innovation Marketing",Mid-Senior level,Full-time
Bimbo Bakeries USA,Omnichannel Marketing Manager,Mid-Senior level,Full-time
Industrial Color,Marketing Manager,Mid-Senior level,Full-time
Curio,Brand Marketing Manager,Mid-Senior level,Full-time
,,,
,,,
,,,
Unilever,Integrated Marketing Manager - Ben & Jerry's,Mid-Senior level,Full-time
,,,
,,,
,,,
Van Cleef & Arpels,"Product Marketing Manager, Timepieces",Mid-Senior level,Full-time
Google,"Web Marketing Manager, Google Career Certificates",Not Applicable,Full-time
,,,
,,,
,,,
,,,
King's Hawaiian,"Senior Associate Brand Manager, New Opportunities",Mid-Senior level,Full-time
Curology,"Associate Brand Manager, Agency (6-month-contract)",Mid-Senior level,Contract
Google,"Web Marketing Manager, Google Career Certificates",Not Applicable,Full-time
Accor,Director of Marketing,Director,Full-time
Four Seasons Hotels and Resorts,Digital Marketing Manager,Not Applicable,Full-time
Shake Shack,Regional Marketing Manager (LA County),Mid-Senior level,Full-time
Bonobos,Associate Brand Manager,Mid-Senior level,Full-time
Banza,Brand Marketing Manager,,Full-time
Kraft Heinz,Brand Manager- Brand Communications - Oscar Mayer,Mid-Senior level,Full-time
Four Seasons Hotels and Resorts,Digital Marketing Manager,Not Applicable,Full-time
monday.com,Customer Marketing Manager,Mid-Senior level,Full-time
Nestlé Health Science,Specialty Sales Executive,Associate,Full-time
Dashlane,Sales Development Representative,Entry level,Full-time
Zillow,"Seller Consultant, Sales + Service",Mid-Senior level,Full-time
,,,
,,,
,,,
Magic Spoon,Director of Sales Strategy & Planning,Director,Full-time
The Keller Group,Regional Sales Manager,Mid-Senior level,Full-time
Vimeo,"Sr. Manager, Sales Development",Mid-Senior level,Full-time
"Lowe's Companies, Inc.",Outside Sales Representative,Entry level,Full-time
"Lowe's Companies, Inc.",Outside Sales Representative - Commercial,Entry level,Full-time
,,,
Datadog,Enterprise Sales Executive,Mid-Senior level,Full-time
Michael Kors,"Sales Associate, Rockefeller Center",Associate,Full-time
Procter & Gamble,Sales – Professional Oral Health – Territory Account Executive – Western NY Territory– Open to Sales Professionals,Not Applicable,Full-time
,,,
Blackstone Medical Services,Medical Sales Representative,Entry level,Full-time
,,,
,,,
Delta Galil Industries,Director of Sales - Women's Apparel,Director,Full-time
Salesforce,Sales Excellence Analyst - Non Profit,Not Applicable,Full-time
Wolford,Retail Sales Associate,Mid-Senior level,Full-time
,,,
,,,
Asana,Outbound Sales Development Representative,Entry level,Full-time
,,,
,,,
F2 Agency,"Sales Representative - No Cold Calls, Remote, 30K Training Bonus",Entry level,Full-time
BMW UK,"Sales Executive 
								
									New",Mid-Senior level,Full-time
F2 Agency,"Sales Representative - No Cold Calls, Remote, 30K Training Bonus",Entry level,Full-time
,,,
F2 National,"Sales Representative - Fully Remote, Benefits, 30K Training Bonus",Mid-Senior level,Full-time
,,,
,,,
KONG Company,Director of Sales,Director,Full-time
BMW UK,"BMW Used Car Sales Executive 
								
									New",Mid-Senior level,Full-time
Hint Inc.,"Area Sales Manager, Pittsburgh",Mid-Senior level,Full-time
Sika,Retail Sales Representative,Not Applicable,Full-time
"H&R Group US, Inc.",Sales Rep,Entry level,Full-time
F2 National,"Sales Representative - Fully Remote, Benefits, 30K Training Bonus",Mid-Senior level,Full-time
,,,
,,,
Apx Direct Inc.,Retail Sales and Marketing Associate,Entry level,Full-time
,,,
Novaris Search,Regional Sales Director,Mid-Senior level,Full-time
Wolford,Retail Sales Associate,Mid-Senior level,Full-time
Jobs for Humanity,Pharmacy Sales Consultant,Mid-Senior level,Full-time
,,,
,,,
Elysian Construction,National Sales Manager,Mid-Senior level,Full-time
Harry Winston,"Sales Executive, Waikiki",Mid-Senior level,Full-time
,,,
Wolford,Retail Sales Associate- Flagship NYC,Mid-Senior level,Full-time
TAKUMI,VP of Sales,Executive,Full-time
Jamaica Bearings Group (JBG),Regional Sales Manager - Aerospace Division - West Coast,Mid-Senior level,Full-time
Rallye Motor Company,Automotive Sales Representative - Acura/BMW/Lexus/Mercedes,Entry level,Full-time
Milan Laser Hair Removal,Sales Manager,Entry level,Full-time
Kia America,District Sales Manager - CE,Mid-Senior level,Full-time
Basil Family Dealerships,Automotive Sales Consultant,Mid-Senior level,Full-time
Bosch USA,Sales Development Manager,Associate,Full-time
Congo Brands,Area Sales Manager,Mid-Senior level,Full-time
Rallye Motor Company,BMW Digital Sales Coordinator,Associate,Full-time
,,,
DSI Recruiting Services,B2B Sales Manager - Food industry,,Full-time
,,,
,,,
,,,
KIVA STONE,Outside Sales Representative,Entry level,Full-time
,,,
Fairmont Sonoma Mission Inn & Spa,Director of Sales and Marketing,Executive,Full-time
Vasion,"Vice President, Channel Sales",Executive,Full-time
,,,
,,,
,,,
,,,
,,,
Michael Kors,"Sales Associate, Rockefeller Center",Associate,Full-time
,,,
,,,
Forsyth Barnes,Head of Sales,Mid-Senior level,Full-time
Stealth,Vice President of Sales [4653],Executive,Full-time
Wolford,Retail Sales Associate,Mid-Senior level,Full-time
,,,
Dynatrace,Sales Development Representative,Entry level,Full-time
,,,
,,,
,,,
Zillow,"Seller Consultant, Sales + Service",Mid-Senior level,Full-time
,,,
,,,
,,,
,,,
,,,
,,,
Jamaica Bearings Group (JBG),Regional Sales Manager - Aerospace Division - West Coast,Mid-Senior level,Full-time
,,,
,,,
,,,
Nestlé Health Science,Specialty Sales Executive,Associate,Full-time
,,,
,,,
Forsyth Barnes,Head of Sales,Mid-Senior level,Full-time
,,,
,,,
,,,
,,,
F2 National,"Sales Representative - Fully Remote, Benefits, 30K Training Bonus",Mid-Senior level,Full-time
,,,
,,,
,,,
Rodeo Software,Sales Development Representative,,Full-time
CRG Search,Vice President of Sales,Executive,Full-time
,,,
,,,
,,,
,,,
,,,
DSI Recruiting Services,B2B Sales Manager - Food industry,,Full-time
,,,
,,,
,,,
,,,
,,,
,,,
,,,
,,,
Bosch USA,Sales Development Manager,Associate,Full-time
,,,
,,,
,,,
Zelo Digital Recruitment,Sales Director,Mid-Senior level,Full-time
"DCD Automotive Holdings, INC",Automotive Sales Consultant (Nucar Nissan),Mid-Senior level,Full-time
Carmela Coffee Company,Sales Representative - Food Distributor for coffee shops,Entry level,Full-time
Cruz Foam,Senior Director/VP of Sales,Not Applicable,Full-time
,,,
,,,
,,,
,,,
,,,
,,,
,,,
,,,
,,,
,,,
KIVA STONE,Outside Sales Representative,Entry level,Full-time
,,,
,,,
Perdue Farms,VP of Sales - East Coast,Executive,Full-time
,,,
F2 National,"Sales Representative - Fully Remote, Benefits, 30K Training Bonus",Mid-Senior level,Full-time
F2 National,"Sales Representative - Fully Remote, Benefits, 30K Training Bonus",Mid-Senior level,Full-time
ASG National,"Sales Rep (Remote) - Work from home, Great training, No cold calls",Entry level,Full-time
Hint Inc.,"Area Sales Manager, Pittsburgh",Mid-Senior level,Full-time
Wolford,Retail Sales Associate- Flagship NYC,Mid-Senior level,Full-time
,,,
Rallye Motor Company,Automotive Sales Representative - Acura/BMW/Lexus/Mercedes,Entry level,Full-time
Bosch USA,Sales Development Manager,Associate,Full-time
Rallye Motor Company,BMW Digital Sales Coordinator,Associate,Full-time
Zelo Digital Recruitment,Sales Director,Mid-Senior level,Full-time
Rowland Personnel Recruiting and Staffing,VP of Sales and Operations,Executive,Full-time
DSI Recruiting Services,B2B Sales Manager - Food industry,,Full-time
"DCD Automotive Holdings, INC",Automotive Sales Consultant (Nucar Nissan),Mid-Senior level,Full-time
,,,
Cruz Foam,Senior Director/VP of Sales,Not Applicable,Full-time
Roland Machinery Co,Heavy Equipment Sales,Entry level,Full-time
,,,
,,,
,,,
rater8,Sales Development Representative,Entry level,Full-time
,,,
,,,
,,,
,,,
Rallye Motor Company,Automotive Sales Representative - Acura,Entry level,Full-time
Zillow,"Seller Consultant, Sales + Service",Mid-Senior level,Full-time
Nestlé Health Science,Specialty Sales Executive,Associate,Full-time
Wolford,Retail Sales Associate- Flagship NYC,Mid-Senior level,Full-time
Zillow,"Seller Consultant, Sales + Service",Mid-Senior level,Full-time
Jamaica Bearings Group (JBG),Regional Sales Manager - Aerospace Division - West Coast,Mid-Senior level,Full-time
Rodeo Software,Sales Development Representative,,Full-time
,,,
Rallye Motor Company,Automotive Sales Representative - Acura/BMW/Lexus/Mercedes,Entry level,Full-time
Rallye Motor Company,BMW Digital Sales Coordinator,Associate,Full-time
Rowland Personnel Recruiting and Staffing,VP of Sales and Operations,Executive,Full-time
DSI Recruiting Services,B2B Sales Manager - Food industry,,Full-time
Zelo Digital Recruitment,Sales Director,Mid-Senior level,Full-time
"DCD Automotive Holdings, INC",Automotive Sales Consultant (Nucar Nissan),Mid-Senior level,Full-time
,,,
,,,
Advanced Roofing,Vice President of Sales,Not Applicable,Full-time
PRIME,Field Sales Manager,Mid-Senior level,Full-time
,,,
Roland Machinery Co,Heavy Equipment Sales,Entry level,Full-time
Google Fiber,Head of Sales - Texas,Not Applicable,Full-time
,,,
,,,
,,,
,,,
,,,
Zillow,"Seller Consultant, Sales + Service",Mid-Senior level,Full-time
Jamaica Bearings Group (JBG),Regional Sales Manager - Aerospace Division - West Coast,Mid-Senior level,Full-time
,,,
,,,
Rallye Motor Company,Automotive Sales Representative - Acura/BMW/Lexus/Mercedes,Entry level,Full-time
Rallye Motor Company,BMW Digital Sales Coordinator,Associate,Full-time
,,,
,,,
,,,
,,,
Mackenzie Stuart,Vice President of Sales,Executive,Full-time
,,,
,,,
PRIME,Field Sales Manager,Mid-Senior level,Full-time
Cruz Foam,Senior Director/VP of Sales,Not Applicable,Full-time
Roland Machinery Co,Heavy Equipment Sales,Entry level,Full-time
Google Fiber,Head of Sales - Texas,Not Applicable,Full-time
,,,
,,,
,,,
,,,
,,,
,,,
,,,
,,,
,,,
,,,
CRG Search,Vice President of Sales,Executive,Full-time
,,,
,,,
,,,
,,,
Rowland Personnel Recruiting and Staffing,VP of Sales and Operations,Executive,Full-time
DSI Recruiting Services,B2B Sales Manager - Food industry,,Full-time
,,,
Mackenzie Stuart,Vice President of Sales,Executive,Full-time
,,,
,,,
Sinch,Vice President of Sales for Carrier,Not Applicable,Full-time
Advanced Roofing,Vice President of Sales,Not Applicable,Full-time
Roland Machinery Co,Heavy Equipment Sales,Entry level,Full-time
,,,
Google Fiber,Head of Sales - Texas,Not Applicable,Full-time
ASG National,"Sales Rep (Remote) - Work from home, Great training, No cold calls",Entry level,Full-time
,,,
ASG National,"Sales Rep (Remote) - Work from home, Great training, No cold calls",Entry level,Full-time
,,,
,,,
KIVA STONE,Outside Sales Representative,Entry level,Full-time
SearchPointNY,Food Service Sales Representative Food Ingredients Eastern U.S.REMOTE,Entry level,Full-time
,,,
,,,
,,,
,,,
,,,
,,,
,,,
,,,
,,,
,,,
,,,
,,,
Salesforce,Sales Excellence Analyst - Non Profit,Not Applicable,Full-time
,,,
Raymond James,"Senior Sales Associate, IES",Not Applicable,Full-time
Jamaica Bearings Group (JBG),Regional Sales Manager - Aerospace Division - West Coast,Mid-Senior level,Full-time
,,,
CRG Search,Vice President of Sales,Executive,Full-time
,,,
,,,
Rallye Motor Company,Automotive Sales Representative - Acura/BMW/Lexus/Mercedes,Entry level,Full-time
,,,
,,,
,,,
DSI Recruiting Services,B2B Sales Manager - Food industry,,Full-time
KIVA STONE,Outside Sales Representative,Entry level,Full-time
Eco Caters,Jr. Sales and Events Coordinator,Entry level,Full-time
,,,
House of Forgings ,Inside Sales Support Representative,Entry level,Full-time
,,,
,,,
KIVA STONE,Outside Sales Representative,Entry level,Full-time
,,,
"Hanes Companies, Inc",Inside Sales Representative,Entry level,Full-time
,,,
,,,
Bright Home Energy,Entry Level Sales Rep,Entry level,Full-time
,,,
Forsyth Barnes,Regional Sales Manager,Mid-Senior level,Full-time
iMBranded,National Sales Manager,Mid-Senior level,Full-time
Figured,Sales Account Executive,Mid-Senior level,Full-time
ASG National,"Sales Rep (Remote) - Work from home, Great training, No cold calls",Entry level,Full-time
Congo Brands,Field Sales Manager,Mid-Senior level,Full-time
House of Spices India,Territory Sales Manager,Mid-Senior level,Full-time
Stabilus,Area Sales Manager,Mid-Senior level,Full-time
,,,
,,,
,,,
AkkenCloud,Sales Development Representative(s) (100% Remote),Entry level,Full-time
Lookout Pest Control,Sales Manager,Mid-Senior level,Full-time
KIVA STONE,Outside Sales Representative,Entry level,Full-time
Eco Caters,Jr. Sales and Events Coordinator,Entry level,Full-time
Rallye Motor Company,Automotive Sales Representative - Acura,Entry level,Full-time
,,,
Vasion,"Vice President, Channel Sales",Executive,Full-time
Sezzle,Director Enterprise Sales,Director,Full-time
,,,
Stabilus,Area Sales Manager,Mid-Senior level,Full-time
"Hanes Companies, Inc",Inside Sales Representative,Entry level,Full-time
Perdue Farms,VP of Sales - East Coast,Executive,Full-time
Clyde's Donuts,"MANAGER, SALES SUPPORT",Mid-Senior level,Full-time
Bright Home Energy,Entry Level Sales Rep,Entry level,Full-time
Home Organizers,District Sales Manager,Mid-Senior level,Full-time
Joseph and Young,"Sales Representative - Remote Role, Training Provided, Bonus, No Cold Calls",Entry level,Full-time
,,,
Forsyth Barnes,Regional Sales Manager,Mid-Senior level,Full-time
iMBranded,National Sales Manager,Mid-Senior level,Full-time
Figured,Sales Account Executive,Mid-Senior level,Full-time
,,,
Congo Brands,Field Sales Manager,Mid-Senior level,Full-time
,,,
,,,
,,,
PRIME,Field Sales Manager,Mid-Senior level,Full-time
AkkenCloud,Sales Development Representative(s) (100% Remote),Entry level,Full-time
Luxottica,Sales Representative,Entry level,Full-time
BNP Paribas,Associate – Global Markets - PS&F Repo Sales Assistant,Not Applicable,Full-time
Asana,Outbound Sales Development Representative,Entry level,Full-time
BetterUp,Sales Strategy and Operations Manager,Mid-Senior level,Full-time
Siemens Healthineers,Sales Operations Coordinator,Entry level,Full-time
TaylorMade Golf Company,"Sales Representative - Honolulu, HI",Mid-Senior level,Full-time
Cisco,"Strategic Sales Manager, Meraki SD-WAN",Not Applicable,Full-time
Pandora,"Analyst, Sales Research Analytics",Mid-Senior level,Full-time
iHeartMedia,VP of Sales - Sports,Executive,Full-time
Salesforce,Sales Excellence Analyst - Non Profit,Not Applicable,Full-time
Wolford,Retail Sales Associate- Flagship NYC,Mid-Senior level,Full-time
,,,
Jamaica Bearings Group (JBG),Regional Sales Manager - Aerospace Division - West Coast,Mid-Senior level,Full-time
,,,
,,,
Luxottica,Sales Representative,Entry level,Full-time
Nintex,"Vice President, Sales - America",Executive,Full-time
Rallye Motor Company,Automotive Sales Representative - Acura/BMW/Lexus/Mercedes,Entry level,Full-time
,,,
,,,
Rowland Personnel Recruiting and Staffing,VP of Sales and Operations,Executive,Full-time
,,,
Zelo Digital Recruitment,Sales Director,Mid-Senior level,Full-time
,,,
,,,
rater8,Sales Development Representative,Entry level,Full-time
Grand Welcome,Sales Development Representative,Entry level,Full-time
KIVA STONE,Outside Sales Representative,Entry level,Full-time
SearchPointNY,Food Service Sales Representative Food Ingredients Eastern U.S.REMOTE,Entry level,Full-time
Eco Caters,Jr. Sales and Events Coordinator,Entry level,Full-time
Rallye Motor Company,Automotive Sales Representative - Acura,Entry level,Full-time
,,,
,,,
,,,
F2 Agency,"Sales Representative - No Cold Calls, Remote, 30K Training Bonus",Entry level,Full-time
Sezzle,Director Enterprise Sales,Director,Full-time
"Hanes Companies, Inc",Inside Sales Representative,Entry level,Full-time
Stabilus,Area Sales Manager,Mid-Senior level,Full-time
Perdue Farms,VP of Sales - East Coast,Executive,Full-time
Bright Home Energy,Entry Level Sales Rep,Entry level,Full-time
F2 Agency,"Sales Representative - No Cold Calls, Remote, 30K Training Bonus",Entry level,Full-time
F2 Agency,"Sales Representative - No Cold Calls, Remote, 30K Training Bonus",Entry level,Full-time
,,,
,,,
Joseph and Young,"Sales Representative - Remote Role, Training Provided, Bonus, No Cold Calls",Entry level,Full-time
Joseph and Young,"Sales Representative - Remote Role, Training Provided, Bonus, No Cold Calls",Entry level,Full-time
,,,
,,,
,,,
Figured,Sales Account Executive,Mid-Senior level,Full-time
Eco Caters,Jr. Sales and Events Coordinator,Entry level,Full-time
Rallye Motor Company,Automotive Sales Representative - Acura,Entry level,Full-time
House of Forgings ,Inside Sales Support Representative,Entry level,Full-time
Vasion,"Vice President, Channel Sales",Executive,Full-time
KIVA STONE,Outside Sales Representative,Entry level,Full-time
Sezzle,Director Enterprise Sales,Director,Full-time
"Hanes Companies, Inc",Inside Sales Representative,Entry level,Full-time
Stabilus,Area Sales Manager,Mid-Senior level,Full-time
Perdue Farms,VP of Sales - East Coast,Executive,Full-time
,,,
F2 Agency,"Sales Representative - No Cold Calls, Remote, 30K Training Bonus",Entry level,Full-time
Joseph and Young,"Sales Representative - Remote Role, Training Provided, Bonus, No Cold Calls",Entry level,Full-time
,,,
Forsyth Barnes,Regional Sales Manager,Mid-Senior level,Full-time
,,,
Braid Health,Sales Executive,Mid-Senior level,Full-time
Congo Brands,Field Sales Manager,Mid-Senior level,Full-time
,,,
,,,
,,,
BMW UK,"Sales Executive 
								
									New",Mid-Senior level,Full-time
,,,
iMBranded,National Sales Manager,Mid-Senior level,Full-time
Home Organizers,District Sales Manager,Mid-Senior level,Full-time
AkkenCloud,Sales Development Representative(s) (100% Remote),Entry level,Full-time
Eco Caters,Jr. Sales and Events Coordinator,Entry level,Full-time
Rallye Motor Company,Automotive Sales Representative - Acura,Entry level,Full-time
,,,
,,,
Sezzle,Director Enterprise Sales,Director,Full-time
KIVA STONE,Outside Sales Representative,Entry level,Full-time
,,,
F2 Agency,"Sales Representative - No Cold Calls, Remote, 30K Training Bonus",Entry level,Full-time
"Hanes Companies, Inc",Inside Sales Representative,Entry level,Full-time
,,,
,,,
,,,
,,,
,,,
,,,
,,,
,,,
Forsyth Barnes,Regional Sales Manager,Mid-Senior level,Full-time
iMBranded,National Sales Manager,Mid-Senior level,Full-time
Figured,Sales Account Executive,Mid-Senior level,Full-time
ASG National,"Sales Rep (Remote) - Work from home, Great training, No cold calls",Entry level,Full-time
Congo Brands,Field Sales Manager,Mid-Senior level,Full-time
House of Spices India,Territory Sales Manager,Mid-Senior level,Full-time
Stabilus,Area Sales Manager,Mid-Senior level,Full-time
Bricz,Sales Director,Director,Full-time
,,,
,,,
iHeartMedia,VP of Sales - Sports,Executive,Full-time
,,,
,,,
Raymond James,"Senior Sales Associate, IES",Not Applicable,Full-time
,,,
,,,
CRG Search,Vice President of Sales,Executive,Full-time
Luxottica,Sales Representative,Entry level,Full-time
,,,
,,,
Frontier Communications,Director of Enterprise Sales,Not Applicable,Full-time
Rallye Motor Company,BMW Digital Sales Coordinator,Associate,Full-time
Rowland Personnel Recruiting and Staffing,VP of Sales and Operations,Executive,Full-time
,,,
Zelo Digital Recruitment,Sales Director,Mid-Senior level,Full-time
Protegrity,Vice President of Sales,Executive,Full-time
Primo Water Corporation,Sales Manager - Water,Mid-Senior level,Full-time
"DCD Automotive Holdings, INC",Automotive Sales Consultant (Nucar Nissan),Mid-Senior level,Full-time
Mackenzie Stuart,Vice President of Sales,Executive,Full-time
Dell Technologies,Inside Sales Representative,Not Applicable,Full-time
,,,
,,,
,,,
